title,url,source,summary,text,date
Is Russell 2000 Ready to Break? - Investing.com,https://news.google.com/rss/articles/CBMiiwFBVV95cUxOVE1ZY2JHcVgyNVYzX05UV3BXRWxRRTVuVGg2bzFILXRyR2EzYXI3VHFqTlZzTjJoZ2g1Zzl4aVdvNjg2aE9uWWk3dWd4U25OTjZoeFh6SHpKT0RXWHgxdnhDMEhOM3lseERjYkIyMWVRTG9jRTNMNDlMNnFtajFUOVo1UEFUMXBnV3FB?oc=5,Investing.com,"Declan Fallon | Dec 05, 2025 01:43AM ETThe Russell 2000 (IWM) has been the index to make all the running, and Thursday finally saw some modest accumulation.
Currently, it’s pushing at these local highs, but it will likely take a ’Santa Rally’ before it gets to challenge all-time highs around 6,900.
The Nasdaq sits in a similar predicament as the S&P 500; a breakout consolidation that’s ready to challenge all-time highs.
There is a risk of a double-top, but if the Russell 2000 is able to make new all-time highs, then there is a good chance it too will make a new all-time high.
Let’s see what markets deliver over the coming weeks, but focus on the Russell 2000 ($IWM), as it’s the index likely to make all the running.","Declan Fallon | Dec 05, 2025 01:43AM ET

The Russell 2000 (IWM) has been the index to make all the running, and Thursday finally saw some modest accumulation. The index is well set to breakout, but it’s also 14% above its 200-day MA, which puts it above 90% of historic price action dating back to 1987; if it gets to $258.25, it will be above 95% of historic price action, and at $276.76, it’s 99%. The last time the index did that was April 2021...

If it were to repeat the action of 2021 - with midterm elections next year (not a good time for markets) - we could see a new consolidation, possibly bottoming at the psychological support of $200, but potentially lasting a few years.

The S&P 500 edged above declining resistance and managed to stage a small consolidation. Currently, it’s pushing at these local highs, but it will likely take a ’Santa Rally’ before it gets to challenge all-time highs around 6,900.

The Nasdaq sits in a similar predicament as the S&P 500; a breakout consolidation that’s ready to challenge all-time highs.

The Semiconductor Index returned to a net bullish picture after a brief switch to a bearish one. It’s performing stronger than the Nasdaq, but hasn’t yet challenged all-time highs. There is a risk of a double-top, but if the Russell 2000 is able to make new all-time highs, then there is a good chance it too will make a new all-time high.

Get The News You Want Read market moving news with a personalized feed of stocks you care about. Get The App

The other asset to watch is Bitcoin. It did well to counteract the big red candlestick, and has managed to stage a bottom (of sorts), but will face its first challenge once it gets to its 50-day MA.

The metric that has been the most confusing is the AAII sentiment index. It has been zig-zagging between bullish and bearish sentiment since early summer and hasn’t settled on a firm direction. If this shifts strongly bullish, we may see a rally similar to that kicked off in early 2024. But we are heading into an election year, and 2022 was an ugly year of trading action.

Let’s see what markets deliver over the coming weeks, but focus on the Russell 2000 ($IWM), as it’s the index likely to make all the running. Long traders may get the most out of a Bitcoin trade.","Fri, 05 Dec 2025 02:54:00 GMT"
Russell 2000 (IWM) enters correction phase following impulsive advance [Video] - FXStreet,https://news.google.com/rss/articles/CBMiuAFBVV95cUxPeDlNaE82RXVhN0Z1Y2NtbmZZT2lWcDN3X0lxbU5pQkVUSFBvMDg0TmdDcHNveEhYejRIbXNSZkRIeUpnUlBMWnNub1k0YWVLVTMwZEl6MzBfY0tJdHdTUy16ak9oNGRDcy1IQlRPYS1CQmVVZnFxM2xtMkxXUUpQcVhPTG10Qi1XbEVtbnoxZmhTRGh3dFh0eWEweWo2YjFBX3k0UVJjQnRLRHRlZkowTlF4NWhwbzk20gG-AUFVX3lxTE5sdmVncVpEc2diem83aFNJeGhXRUl1SjZla19aTVlrVk90MEwyX2FvZm52Rl9XT2JkOXdxU3R1bGdKRkZYQUZLWXc0OEE5ZXc1VEE1Wm9mRGcwZnlReFZjQnY0bGNyREhKQ243NDBrVlpCYjZRM2RsbGEyRGpmUUVkV2NDdXE1QUdVOU9aZ0JqQjlmVW11SXRzMnUzaWVGY3gwWXIzaExTa2lXYmpfamtiOFd2YW1zc3lyWXh1MVE?oc=5,FXStreet,"The cycle from the April 2025 low in the Russell 2000 ETF (IWM) remains active.
Wave ((4)) of this sequence concluded at 228.18, as shown on the 45‑minute chart.
Within this third wave, wave ((i)) completed at 240.44.
This correction addresses the cycle from the 21 November low before the next upward phase resumes.
Russell 2000 ETF (IWM) 45-minute Elliott Wave chart from 12.2.2025IWM Elliott Wave [Video]","The cycle from the April 2025 low in the Russell 2000 ETF (IWM) remains active. It is unfolding as a five‑wave impulse. Wave ((4)) of this sequence concluded at 228.18, as shown on the 45‑minute chart. From that level, the ETF advanced into wave ((5)). A decisive break above the prior wave ((3)) peak at 252.77, recorded on 15 October, is still required. Without that break, the risk of a double correction remains. Yet the rally from wave ((4)) has displayed impulsive traits, which favor continued upside momentum.

From wave ((4)), the initial advance in wave 1 terminated at 237.11. A modest retracement in wave 2 ended at 235.18. The ETF then nested higher into wave 3. Within this third wave, wave ((i)) completed at 240.44. The pullback in wave ((ii)) ended at 239.24. The instrument extended upward in wave ((iii)) to 245.97. A brief decline in wave ((iv)) ended at 244.77. The final leg, wave ((v)), reached 248.82, completing wave 3 of higher degree.

A corrective wave 4 followed, pulling back to 247. The ETF then rallied again in wave (5) to 248.99, which finalized wave (1). At present, a pullback in wave (2) is unfolding. This correction addresses the cycle from the 21 November low before the next upward phase resumes. In the near term, as long as the pivot at 228.18 remains intact, the expectation is for the pullback to locate support within a 3, 7, or 11 swing sequence. That support should set the stage for renewed strength.

Russell 2000 ETF (IWM) 45-minute Elliott Wave chart from 12.2.2025

IWM Elliott Wave [Video]","Wed, 03 Dec 2025 04:39:57 GMT"
Should iShares Russell 2000 ETF (IWM) Be on Your Investing Radar? - Yahoo Finance,https://news.google.com/rss/articles/CBMif0FVX3lxTFBFOXc4SHhFRXdzQkZVS3hQNlFzdWlqeWY1Q0htWjF3MG81M3AyYXFaZnlpei1od3NRVHpsUFVFSHkzamZ4aFpXNWtITG83U1BaOWQybXhCMXFQY0k1YjhGa3BiUWliR0NpSk9uWHNkbldmQWh5bmxEa19pcHNaM28?oc=5,Yahoo Finance,"You should consider the iShares Russell 2000 ETF (IWM), a passively managed exchange traded fund launched on May 22, 2000.
Why Small Cap BlendSmall cap companies have market capitalization below $2 billion.
Performance and RiskIWM seeks to match the performance of the Russell 2000 Index before fees and expenses.
The ETF return is roughly 11.58% so far this year and is up roughly 13.01% in the last one year (as of 09/19/2025).
AlternativesiShares Russell 2000 ETF holds a Zacks ETF Rank of 2 (Buy), which is based on expected asset class return, expense ratio, and momentum, among other factors.","Looking for broad exposure to the Small Cap Blend segment of the US equity market? You should consider the iShares Russell 2000 ETF (IWM), a passively managed exchange traded fund launched on May 22, 2000.

The fund is sponsored by Blackrock. It has amassed assets over $71.38 billion, making it one of the largest ETFs attempting to match the Small Cap Blend segment of the US equity market.

Why Small Cap Blend

Small cap companies have market capitalization below $2 billion. They usually have higher potential than large and mid cap companies with stocks but higher risk.

Blend ETFs are aptly named, since they tend to hold a mix of growth and value stocks, as well as show characteristics of both kinds of equities.

Costs

Expense ratios are an important factor in the return of an ETF and in the long term, cheaper funds can significantly outperform their more expensive counterparts, other things remaining the same.

Annual operating expenses for this ETF are 0.19%, putting it on par with most peer products in the space.

It has a 12-month trailing dividend yield of 1.29%.

Sector Exposure and Top Holdings

ETFs offer a diversified exposure and thus minimize single stock risk but it is still important to delve into a fund's holdings before investing. Most ETFs are very transparent products and many disclose their holdings on a daily basis.

This ETF has heaviest allocation to the Financials sector -- about 18.2% of the portfolio. Industrials and Information Technology round out the top three.

Looking at individual holdings, Credo Technology Group Holding Ltd (CRDO) accounts for about 0.69% of total assets, followed by Fabrinet (FN) and Kratos Defense And Security Soluti (KTOS).

The top 10 holdings account for about 4.02% of total assets under management.

Performance and Risk

IWM seeks to match the performance of the Russell 2000 Index before fees and expenses. The Russell 2000 Index measures the performance of the small capitalization sector of the U.S. equity market.

The ETF return is roughly 11.58% so far this year and is up roughly 13.01% in the last one year (as of 09/19/2025). In the past 52-week period, it has traded between $174.82 and $244.84.

The ETF has a beta of 1.13 and standard deviation of 21.9% for the trailing three-year period, making it a medium risk choice in the space. With about 1984 holdings, it effectively diversifies company-specific risk.

Alternatives

iShares Russell 2000 ETF holds a Zacks ETF Rank of 2 (Buy), which is based on expected asset class return, expense ratio, and momentum, among other factors. Because of this, IWM is a great option for investors seeking exposure to the Style Box - Small Cap Blend segment of the market. There are other additional ETFs in the space that investors could consider as well.","Fri, 19 Sep 2025 07:00:00 GMT"
This Russell 2000 ETF Pulled In $3B — Is A Small-Cap Rally On Deck For 2026? - Benzinga,https://news.google.com/rss/articles/CBMixgFBVV95cUxOUm90ZzY0OEVYaV96eUgxdlVYVHJ6cjJjUk5Ram1vOEtoRkY0bGtMWll2TzZPRkw4R0U1aUtjS0ppeWl1TVV2bkV3dkFLNC1WR2JaXzVka3p4aDFhUEVMeTdfcXluWWpIVU1UQ2tXcmJ0T1k5YTU4Qml6UWh3cXV4UFlUeU5fQlJDOGstTC1xZWZjUlRRMFE3ejRycHM2OGFGUk1NVGRVMkxtd1FOcE05ZFN3WUVZY3FJbV90X2pMaXA3dWdINXc?oc=5,Benzinga,"The sleepy Thanksgiving week turned out to be anything but quiet for one small cap ETF.
But the size of the flows suggests something bigger: a building conviction that small caps could be poised to rise as rate-cut expectations strengthen, inflation cools and credit pressures ease.
Vanguard Small-Cap ETF (NYSE:VB) provides diversified, low-fee access to the U.S. small-cap universe, tracking the CRSP Small Cap Index.
If small caps re-rate on expectations of easier credit and improving earnings, VB is well-positioned to capture steady inflows.
Renewed attention to small caps suggests they could be rethinking where the next leg of growth comes from.","The sleepy Thanksgiving week turned out to be anything but quiet for one small cap ETF.

The iShares Russell 2000 ETF (NYSE:IWM) pulled in an impressive $2.78 billion during the holiday-shortened stretch ending Nov 28, according to data aggregated by ETF.com. This was one of its largest weekly inflows of the year. Not only that, but in November, the ETF added $3.7 billion to its AUM.

In a week where the Vanguard S&P 500 ETF (NYSE:VOO) topped creations with $4.32 billion, IWM’s haul stands out because it points to something more strategic. The Russell 2000 Index has spent months lagging a mega-cap-fuelled rally, weighed down by tighter financial conditions and interest rate uncertainty. Yet suddenly, investors poured cash into it at a pace that hints at early positioning for a 2026 risk-on rotation.

Also Read: Crypto’s ETF Time Bomb Explodes: Strategy’s 2X Funds Crash 80% — Could Tesla, Nvidia Bulls Be Next?

Why The Sudden Appetite?

A portion of the move might reflect tax-loss harvesting, with allocators selling beaten-down small-cap positions and rotating back in via the ETF wrapper. But the size of the flows suggests something bigger: a building conviction that small caps could be poised to rise as rate-cut expectations strengthen, inflation cools and credit pressures ease.

The inflow burst also comes just as semiconductor and mega-cap ETFs saw notable outflows – the Invesco QQQ Trust (NASDAQ:QQQ) lost $1.88 billion, while the Vanguard Information Technology ETF (NYSE:VGT) shed around $311 million. After a year dominated by a handful of tech giants, the flows hint at tentative diversification into areas that haven’t yet run hot.

IWM is often a high-liquidity conduit for institutional traders who want to quickly express broad small-cap views. A nearly $3 billion spike is indicative that big money may be preparing quietly for the scenario of small caps coming back into leadership as financial conditions stabilize in early 2026. For now, one week doesn’t make a trend. But looking at the past four such weeks, in a market obsessed with AI, megacaps and momentum, the sudden rush into small caps may be the clearest sign yet that investors are starting to scope out the next trade before everyone else wakes up from the holiday nap.

Two Other ETFs Poised To Ride The Upside

If investors really are waking up to the small-cap trade, two other ETFs stand out as potential vehicles for anyone betting that 2026 could finally be the year the underdogs run again.

Vanguard Small-Cap ETF (NYSE:VB) provides diversified, low-fee access to the U.S. small-cap universe, tracking the CRSP Small Cap Index. It tends to attract long-term allocators who want small-cap exposure without the higher volatility that comes with more speculative names. If small caps re-rate on expectations of easier credit and improving earnings, VB is well-positioned to capture steady inflows.

Avantis U.S. Small Cap Value ETF (NYSE:AVUV) : For those investors leaning into the historic small-cap value premium, AVUV has quietly become a favorite that combines factor tilts, an active-but-rules-based approach, and surprisingly strong liquidity for a fund with a more curated portfolio. If the rally skews toward economically sensitive, cheaper names, AVUV could be one of the beneficiaries.

Taken together, the trio captures the small-cap opportunity spectrum: IWM for the tactical trader, VB for broad beta, and AVUV for those hunting for factor-driven upside. Renewed attention to small caps suggests they could be rethinking where the next leg of growth comes from.

Loading... Loading...

Read Next:

Image: Shutterstock","Wed, 03 Dec 2025 20:16:16 GMT"
Daily ETF Flows: Hefty Inflows For IWM - ETF.com,https://news.google.com/rss/articles/CBMihAFBVV95cUxNeE5wck5ydGNxelZGSTMzVl9SMG0wQm1UTVZpTVRPeGxUMHlUcE11d3JfVFFCOUFwaXdtcjR2eTg4ejFrb1hKZVJzaVdkU3R4MEdLOHZGX19oWk1tUnMyWHN5eF8yZmwxa09zdENXOVc3MVR6QkxNakNYNG9MT0N3anJUWjI?oc=5,ETF.com,"Top 10 Creations (All ETFs)Top 10 Redemptions (All ETFs)ETF Daily Flows By Asset ClassNet Flows ($, mm) AUM ($, mm) % of AUM Alternatives -0.51 12,547.89 0.00% Asset Allocation 135.61 31,056.39 0.44% Commodities E T Fs 161.92 297,866.15 0.05% Currency 173.46 143,446.35 0.12% International Equity 2,769.18 2,140,103.75 0.13% International Fixed Income 205.64 359,308.86 0.06% Inverse 244.78 13,826.03 1.77% Leveraged 286.03 148,085.37 0.19% Us Equity -603.68 7,939,136.93 -0.01% Us Fixed Income 2,260.85 1,885,485.57 0.12% Total: 5,633.29 12,970,863.30 0.04%Disclaimer: All data as of 6 a.m. Eastern time the date the article is published.
Data is believed to be accurate; however, transient market data is often subject to subsequent revision and correction by the exchanges.","Top 10 Creations (All ETFs)







Top 10 Redemptions (All ETFs)







ETF Daily Flows By Asset Class

Net Flows ($, mm) AUM ($, mm) % of AUM Alternatives -0.51 12,547.89 0.00% Asset Allocation 135.61 31,056.39 0.44% Commodities E T Fs 161.92 297,866.15 0.05% Currency 173.46 143,446.35 0.12% International Equity 2,769.18 2,140,103.75 0.13% International Fixed Income 205.64 359,308.86 0.06% Inverse 244.78 13,826.03 1.77% Leveraged 286.03 148,085.37 0.19% Us Equity -603.68 7,939,136.93 -0.01% Us Fixed Income 2,260.85 1,885,485.57 0.12% Total: 5,633.29 12,970,863.30 0.04%







Disclaimer: All data as of 6 a.m. Eastern time the date the article is published. Data is believed to be accurate; however, transient market data is often subject to subsequent revision and correction by the exchanges.","Wed, 26 Nov 2025 08:00:00 GMT"
Nomura IWM bolsters Asia leadership with another veteran hire - AsianInvestor Wealth,https://news.google.com/rss/articles/CBMisgFBVV95cUxOTzVLd1N3VHhycW1XWlVLM01ELXJQdHRkSWo3MlR2QTBvM2RTYTlnOHBjaVV6ZlNSdWZESGljYnNFbGRaSVExQm00WW8zZnlJaWtqZlZDTUYySlJmRVk3MWUwajRpaEpxV2JJRFVoMHBlbldEcUxLVnM1Z0pPWG5sdy1YdFdpU3VDM1Jjbm1CZ0lfdDU1QmlDSERZOG1MS2RRWDIzYzk5bU1rT01XeHI0MUtn?oc=5,AsianInvestor Wealth,"Register now to enjoy a free subscription.
Click the link to get started.
Sign-in to access premium contentPlease sign in to your subscription to unlock full access to our premium news and interviews.","Register now to enjoy a free subscription. Click the link to get started.

Sign-in to access premium content

Please sign in to your subscription to unlock full access to our premium news and interviews.","Wed, 03 Dec 2025 09:21:17 GMT"
"IVV Boasts S&P 500 Stability, While IWM Offers Small-Cap Growth Potential. Which Is Right for You? - The Motley Fool",https://news.google.com/rss/articles/CBMi2wFBVV95cUxQVDJzUjRTbHBvQlVJUXBDenhvTW9NZGpLRmFtaGw2OGwyRTRqMTZPM0xZZk5HX2tySVdadk02Nno1OHZsTWcta0dodHZ5QWUzVldfR0NNclNOYk5YLWNPVllKQkNHSEJiRGZKZDlxeUJJVGQ0aDlkeGlmWjd2Qm8yaUhNTVgtTnFHYThwZmV1ZXNHSGl2MDU2WktHamNuRVNTZVB1ZzNDYXVZLVNoczBpOXdmX2MtSnBFUDNyMnEwa01GeWJDRXMtS0pTWklwcEdFaGhNM1l1X1NjVEk?oc=5,The Motley Fool,"IWM is designed primarily for small-cap investors, whereas IVV offers broader coverage of large-cap stocks.
Performance & risk comparisonMetric IWM IVV Max drawdown (5 y) 31.91% 24.52% Growth of $1,000 over 5 years $1,414 $1,931What's insideIVV tracks the S&P 500 index.
Between the two funds, IVV can offer greater long-term stability.
This fund tracks the S&P 500, meaning it mirrors the S&P 500's holdings and aims to replicate its performance.
That said, smaller companies also have more potential for explosive growth compared to large-cap stocks.","Both the iShares Russell 2000 ETF (IWM +0.88%) and the iShares Core S&P 500 ETF (IVV +0.09%) track major U.S. equity indexes, but they differ primarily in their market focus.

IWM is designed primarily for small-cap investors, whereas IVV offers broader coverage of large-cap stocks. Comparing these two highlights the trade-offs between small-cap diversification and large-cap stability.

Snapshot (cost & size)

Metric IWM IVV Issuer iShares iShares Expense ratio 0.19% 0.03% 1-yr return (as of Nov. 11, 2025) 2.58% 14.15% Dividend yield 0.99% 1.16% Beta (5Y monthly) 1.30 1.00 AUM $70.95 billion $701.37 billion

Of the two funds, IVV offers lower fees -- charging a 0.03% expense ratio compared to IWM’s 0.19%. IVV's yield is also slightly higher at 1.16% compared to 0.99%. Those prioritizing cost efficiency and income may find IVV more attractive on both fronts.

Performance & risk comparison

Metric IWM IVV Max drawdown (5 y) 31.91% 24.52% Growth of $1,000 over 5 years $1,414 $1,931

What's inside

IVV tracks the S&P 500 index. It includes 503 large-cap holdings with a marked tilt toward technology (36%), followed by financial services (13%) and consumer cyclical (11%).

Its top holdings are Nvidia, Apple, and Microsoft, each accounting for less than 10% of the fund's total assets. IVV is highly diversified across large, established firms and has no unusual features or quirks.

In contrast, IWM contains 1,962 holdings with a focus on small-cap stocks. Compared to IVV, it's less heavily weighted toward technology, with a 16% allocation. Its top four sectors -- industrials, financial services, technology, and healthcare -- are all fairly evenly weighted, with allocations of between 15% and 17% each.

Its largest positions include Bloom Energy, Credo Technology Group Holding, and Fabrinet, and combined they make up around 2.5% of the fund's total assets -- reflecting broad diversification. IWM offers exposure to smaller, potentially faster-growing companies, but with higher risk and volatility.

Advertisement

For more guidance on ETF investing, check out the full guide at this link.

Foolish take

IVV and IWM differ in both their overall investing approaches and fund specifics. IVV offers a lower expense ratio and a slightly higher dividend, which can be appealing to fee-conscious investors seeking greater investment income.

Between the two funds, IVV can offer greater long-term stability. This fund tracks the S&P 500, meaning it mirrors the S&P 500's holdings and aims to replicate its performance. Large-cap stocks, in general, are more likely to pull through economic rough patches, though they can sometimes experience more sluggish growth.

IWM, in contrast, focuses on a wide variety of smaller companies. Small-cap stocks are at a greater risk of volatility and can often experience more severe short-term fluctuations -- even underperforming the S&P 500 sometimes, as in IWM's case over the last few years. That said, smaller companies also have more potential for explosive growth compared to large-cap stocks.

Where you choose to buy will depend largely on your investing goals. For long-term reliability and lower fees, IVV can be a fantastic choice. On the other hand, if you're comfortable with higher levels of risk for the chance to earn more significant returns, IWM may be a better fit.

Glossary

ETF: Exchange-traded fund; a pooled investment fund traded on stock exchanges, holding a basket of assets.

Expense ratio: Annual fee, expressed as a percentage of assets, that covers a fund's operating costs.

Dividend yield: Annual dividends paid by an investment, shown as a percentage of its current price.

Beta: A measure of an investment's volatility compared to the overall market, typically the S&P 500.

AUM: Assets under management; the total market value of assets a fund manages on behalf of investors.

Max drawdown: The largest observed loss from a fund's peak value to its lowest point over a specific period.

Small-cap: Companies with relatively small market capitalizations, typically considered to have higher growth potential and risk.

Large-cap: Companies with large market capitalizations, generally more established and stable.

Index: A statistical measure representing a group of securities, used to track market or sector performance.

Track record: The historical performance history of an investment fund or strategy.

Diversification: Investing in a wide variety of assets to reduce overall risk.

Total return: The investment's price change plus all dividends and distributions, assuming those payouts are reinvested.

","Tue, 11 Nov 2025 08:00:00 GMT"
IWMI & IWM - Which Is The Better Bet On Small-Cap US Stocks? - Seeking Alpha,https://news.google.com/rss/articles/CBMinAFBVV95cUxQWTVPMGUwXzV5YnBVRHZEUVVfWmxmNDg2djFJWXhuWDdvOUFNQVJRY0tzaHhILU5MbEJ0dTBFWkRaZEwwd1c4a1R2NHlVc0gxSHVUbnJYWGxmVFBVZU42bVVzdmpLNy1qbm9hc2xOOUltR19nV3BPcTdPNTFoUW9lN1k4VUJmZnZTUkNfN1ptQ2pCS1ZyVExZcjltNzY?oc=5,Seeking Alpha,"Before we continue...Press & Hold to confirm you area human (and not a bot).
Reference ID 587c224e-d1c3-11f0-8ec7-417b47515aad","Before we continue...

Press & Hold to confirm you are

a human (and not a bot).

Reference ID 587c224e-d1c3-11f0-8ec7-417b47515aad","Mon, 10 Nov 2025 08:00:00 GMT"
